State,LifeExpectancy,ARTHRITIS,BPHIGH,CANCER,CASTHMA,CHD,COPD,DEPRESSION,DIABETES,HIGHCHOL,OBESITY,STROKE
Hawaii,80.0,19.4236459709379,27.2208058124174,5.2387714663144,9.99398943196829,4.87899603698811,4.5002642007926,16.8068031704095,10.35,29.9351387054161,26.50964332893,3.02384412153236
Massachusetts,79.8,22.6275926270713,28.5975051200894,7.13874511264197,11.841388940607,5.03800037237014,5.4306832991994,24.5276857196053,8.83600819214299,31.1669335319307,29.106293055297,2.67209085831316
"New Jersey",79.6,19.0283451842275,29.2780650721827,6.12634130575307,8.92814048696402,4.65023701788408,4.43777203188968,15.6503770739065,9.41636500754148,34.5854557207498,28.7962077138548,2.63580047403577
"New York",79.5,22.855777027027,29.5463738738739,7.15052927927928,10.8335472972973,5.14689189189189,5.65623873873874,20.4990540540541,9.13561936936937,31.7008671171171,32.4245157657658,2.77768018018018
Connecticut,79.4,21.1539164129532,28.3239413230003,7.01508441738168,11.0268751729864,4.7354276224744,4.823332410739,21.275698865209,8.64314973706061,33.4441738167728,30.7140049820094,2.69327428729588
California,79.3,19.755657017624,28.9047027668706,6.05883480960643,9.73229842023559,5.27257784677198,5.10556113596932,21.73162268286,10.5042735823213,31.1737923477308,29.033777737193,2.93585973883664
Minnesota,79.3,19.9343468468468,28.0744369369369,7.17436936936937,10.0400900900901,5.0481981981982,4.85731981981982,24.9223423423423,9.09416666666667,28.9663513513514,35.4323423423423,2.68970720720721
"Rhode Island",79.2,21.9491308325709,30.3232387923147,6.88783165599268,11.9344007319305,5.22543458371455,5.70841720036597,23.8881061299177,9.69432753888381,29.8494967978042,32.0781335773102,2.72863677950595
Utah,79.0,23.1848117024588,28.8513227513228,7.63635231870526,10.6979458450047,5.21668222844693,5.14466230936819,26.6479925303455,9.05701836290072,29.3252100840336,32.5675381263617,2.77939620292561
"New Hampshire",78.7,22.7583690987124,28.1779685264664,7.6722460658083,10.552861230329,4.67668097281831,5.14113018597997,23.7324749642346,7.60844062947067,29.6536480686695,31.7238912732475,2.48690987124463
Colorado,78.5,21.4962657091562,25.5115978456014,7.35959305804907,10.8353201675643,4.72162776780371,4.79820466786355,22.9882226211849,7.78104129263914,28.6838898862956,25.8163375224417,2.50718132854578
Idaho,78.4,23.7451001821494,29.49970856102,6.90247723132969,10.6931511839709,5.63016393442623,6.16528233151184,23.5189435336976,9.7616393442623,29.1071402550091,33.7122404371585,3.02699453551913
Washington,78.4,23.3158218682114,29.0671976828385,7.13325488776249,11.1741853729182,5.02358797972484,5.08750905141202,26.3241491672701,9.16602099927589,30.8305394641564,34.1363504706734,2.78044895003621
Nebraska,78.3,21.744506892895,29.8863308589608,7.32682926829268,9.25747613997879,5.32186638388123,5.61728525980912,18.568854718982,9.19235418875928,28.6527465535525,38.4769459172853,2.74273594909862
Vermont,78.3,22.8719188767551,26.5580343213729,7.67223088923557,11.2195007800312,4.81388455538221,5.34414976599064,27.8375975039002,7.01216848673947,26.69375975039,28.8678627145086,2.61107644305772
Wisconsin,78.1,22.6890194075587,29.4784133469527,6.98227783452503,10.8926455566905,5.35022131426626,5.52248893428669,24.0414538644876,9.66048689138577,29.4933094994893,37.9006469186244,2.81595165134491
"North Dakota",77.9,23.5610607117934,30.8738311235171,7.26789951151431,10.1288206559665,5.63210048848569,5.81144452198186,21.4661549197488,9.21123517096999,30.4249825540823,37.9165387299372,2.85889741800419
Iowa,77.9,23.4993029150824,30.4675538656527,7.23307984790875,10.0182192648923,5.37072243346008,5.95491128010139,21.4558618504436,9.69432826362484,30.6383079847909,38.1757604562738,2.80259822560203
Florida,77.9,22.6272264013589,31.466424007118,7.35738898325649,9.74140580765186,5.70512820512821,6.24570897031465,19.4316266278411,10.5175604626709,33.1795195340937,33.4829491223813,2.98027986734611
Maryland,77.8,23.5061643835616,34.3279256360078,6.4693542074364,10.856457925636,5.00953033268102,5.41845401174168,20.4103326810176,11.2132681017613,33.2732093933464,36.8619765166341,3.03818003913894
Oregon,77.7,23.6973902728351,29.1183867141163,7.33570581257414,11.9462870699881,5.29634638196916,5.82631079478055,27.9226334519573,9.60268090154211,29.69162514828,33.704009489917,2.81243179122183
Illinois,77.5,22.296642394822,30.620523193096,6.90618932038835,9.99350053937433,5.1152238403452,5.80338457389428,21.2493932038835,9.86693635382956,31.5338727076591,36.2845604099245,2.78040722761597
Virginia,77.5,23.9341278295606,33.3438748335553,6.64310252996005,10.672396804261,5.31472703062583,5.72507323568575,22.8181091877497,11.2264846870839,33.805206391478,36.1529960053262,2.99335552596538
"South Dakota",77.3,22.7909351692484,30.2898450946644,7.65800344234079,10.4048192771084,5.75438898450947,6.09925415949512,21.9737808376363,10.1356282271945,29.3458405048767,35.8986804360298,3.0421686746988
Montana,77.3,24.4962634730539,29.0826586826347,7.43925748502994,11.3548023952096,5.45470658682635,6.37849101796407,25.6791856287425,8.5974371257485,27.5387305389222,32.817005988024,2.984
Texas,77.1,21.4272746309287,32.4352162077269,6.04605800439745,9.63191812375667,5.54692702334834,5.73673437336405,22.1263584964925,12.2085802533766,32.3803214323108,36.4829965448644,3.07163647785572
Wyoming,76.8,21.8354385964912,28.1266666666667,7.3559649122807,10.2514035087719,5.31912280701754,6.07789473684211,22.4466666666667,9.30368421052632,28.9038596491228,33.9250877192982,2.7959649122807
Michigan,76.8,25.4587931775835,32.0901676938512,7.52776264870288,11.5166260570446,5.67758348860542,7.01265586928479,27.8661459079834,9.81708470689408,30.3983517271033,37.1408341694138,2.98581052028092
Arizona,76.7,23.0005608524958,30.7961862030286,7.02170499158721,11.1497476163769,5.76421761076837,6.78597868760516,20.9159282108805,10.7688726864835,31.8725743129557,34.3704430734717,3.28132361189007
Maine,76.6,25.7583273251622,29.7138428262437,7.44844989185292,12.8158615717376,5.57829848594088,6.69488103821197,28.4084354722422,8.77829848594088,30.7410237923576,32.7552271088681,2.77937995674117
"District of Columbia",76.6,18.7,30.3,6.0,10.2,4.1,4.2,21.0,8.5,33.3,25.1,3.0
Delaware,76.5,23.3007766990291,32.9943689320388,7.0021359223301,10.8802912621359,5.24495145631068,5.79388349514563,22.0600970873786,10.7821359223301,34.9415533980582,35.5309708737864,2.97339805825243
Kansas,76.5,22.7502077562327,31.6556440443213,6.92832409972299,9.97860110803324,5.46977146814404,5.95228531855956,21.3204293628809,10.1301246537396,32.4783587257618,36.992243767313,2.83604570637119
Nevada,76.4,24.0207808564232,30.5482367758186,6.98646095717884,10.8574307304786,6.16845088161209,7.26801007556675,22.1058564231738,10.5775188916877,33.1176322418136,33.7044710327456,3.32348866498741
Georgia,75.9,22.834525377368,35.5367743896262,6.38029581602675,10.1631546955729,5.53320838820788,6.07125924425084,19.5012055516158,12.2822814304528,33.5090061797184,36.0222571168068,3.34018843075676
"North Carolina",75.9,24.5001660735469,34.3516132858837,6.77340450771056,11.0249940688019,5.74909845788849,6.61141162514828,25.3331198102017,10.8195729537367,31.5125622775801,36.8503558718861,3.29607354685647
Alaska,75.8,22.1013321492007,32.1308170515098,6.53658969804618,10.9810390763766,5.98960923623446,6.13952042628774,19.9759325044405,9.53796625222025,30.0660301953819,34.831838365897,3.29809058614565
Ohio,75.6,26.2089275993468,33.3184757757213,7.3649646162221,11.0900816548721,5.90092542188351,7.0430157866086,26.5432553075667,11.2482852476864,31.5108002177463,37.9377789874796,3.04627109417529
Indiana,75.4,25.2958345555882,34.8674097975946,7.0988853036081,11.2746113229686,5.77713405690818,7.16859782927545,25.6431651510707,11.4796127896744,33.4458052214726,38.5734379583456,3.04218245819888
Missouri,75.2,25.2070461588648,32.9389985320502,7.15186755831023,10.6748001957266,5.61717501223291,6.96046321970315,25.1232099168162,10.399314956777,32.477426194748,36.806768879465,3.08292285108465
"South Carolina",75.1,24.3983741356756,34.4771631470753,6.95286862268735,9.7162025789572,5.47712577088395,6.36150252289292,23.1243879648664,11.7863390020557,32.8930293403102,35.9555783965614,3.29605681181088
"New Mexico",74.5,22.2746323529412,31.1125735294118,5.96349264705882,9.99636029411765,6.04257352941176,5.96643382352941,23.9824632352941,11.6715441176471,30.1828308823529,35.0786029411765,3.30915441176471
Arkansas,73.9,25.0669525065963,37.9326517150396,6.8898746701847,10.3779683377309,6.36866754617414,7.44993403693931,25.313555408971,11.502308707124,33.1457783641161,39.5308047493404,3.43449868073879
Oklahoma,73.8,25.3494398805078,36.0366691560866,6.83569828230022,11.5674632810555,6.35222803086881,7.2151854617874,26.0159322877769,11.5568085636047,33.5465521533483,39.2390092108539,3.3395070948469
Tennessee,73.8,27.2634142897487,36.2811352725219,7.03223665631178,10.9951567353855,5.89505789325049,7.50707427280429,29.0061988138944,11.9410477266309,33.9447754871505,37.5513979101949,3.24161253883084
Alabama,73.8,26.5949142519219,39.6021683422038,6.83601419278533,10.0927459097181,6.0437808003154,6.9505223733491,24.0801695249359,12.7428543268283,35.6332544845259,39.6048097772521,3.5093435836783
Louisiana,73.8,26.5173051519155,39.4685380889476,6.42129018053721,10.351321003963,6.37802730074857,7.51153676794364,27.2368339938353,13.397666226332,33.8536107441656,40.0965433729635,3.76470717745487
Mississippi,72.6,26.4831437435367,41.6221647707687,6.43471216821785,10.038710789383,6.26528783178214,7.50978972768011,20.0832126852809,13.5489486384006,34.0619786280593,40.6410203378145,3.92299207169941
"West Virginia",72.2,31.7570527522936,38.434747706422,7.42310779816514,12.3362385321101,6.6706995412844,8.78102064220183,31.9501720183486,12.85625,36.2260321100917,40.7703555045872,3.32293577981651
