State,Disease,Prevalence
Hawaii,BPHIGH,27.2208058124174
Massachusetts,BPHIGH,28.5975051200894
"New Jersey",BPHIGH,29.2780650721827
"New York",BPHIGH,29.5463738738739
Connecticut,BPHIGH,28.3239413230003
California,BPHIGH,28.9047027668706
Minnesota,BPHIGH,28.0744369369369
"Rhode Island",BPHIGH,30.3232387923147
Utah,BPHIGH,28.8513227513228
"New Hampshire",BPHIGH,28.1779685264664
Colorado,BPHIGH,25.5115978456014
Idaho,BPHIGH,29.49970856102
Washington,BPHIGH,29.0671976828385
Nebraska,BPHIGH,29.8863308589608
Vermont,BPHIGH,26.5580343213729
Wisconsin,BPHIGH,29.4784133469527
"North Dakota",BPHIGH,30.8738311235171
Iowa,BPHIGH,30.4675538656527
Florida,BPHIGH,31.466424007118
Maryland,BPHIGH,34.3279256360078
Oregon,BPHIGH,29.1183867141163
Illinois,BPHIGH,30.620523193096
Virginia,BPHIGH,33.3438748335553
"South Dakota",BPHIGH,30.2898450946644
Montana,BPHIGH,29.0826586826347
Texas,BPHIGH,32.4352162077269
Wyoming,BPHIGH,28.1266666666667
Michigan,BPHIGH,32.0901676938512
Arizona,BPHIGH,30.7961862030286
Maine,BPHIGH,29.7138428262437
"District of Columbia",BPHIGH,30.3
Delaware,BPHIGH,32.9943689320388
Kansas,BPHIGH,31.6556440443213
Nevada,BPHIGH,30.5482367758186
Georgia,BPHIGH,35.5367743896262
"North Carolina",BPHIGH,34.3516132858837
Alaska,BPHIGH,32.1308170515098
Ohio,BPHIGH,33.3184757757213
Indiana,BPHIGH,34.8674097975946
Missouri,BPHIGH,32.9389985320502
"South Carolina",BPHIGH,34.4771631470753
"New Mexico",BPHIGH,31.1125735294118
Arkansas,BPHIGH,37.9326517150396
Oklahoma,BPHIGH,36.0366691560866
Tennessee,BPHIGH,36.2811352725219
Alabama,BPHIGH,39.6021683422038
Louisiana,BPHIGH,39.4685380889476
Mississippi,BPHIGH,41.6221647707687
"West Virginia",BPHIGH,38.434747706422
Hawaii,COPD,4.5002642007926
Massachusetts,COPD,5.4306832991994
"New Jersey",COPD,4.43777203188968
"New York",COPD,5.65623873873874
Connecticut,COPD,4.823332410739
California,COPD,5.10556113596932
Minnesota,COPD,4.85731981981982
"Rhode Island",COPD,5.70841720036597
Utah,COPD,5.14466230936819
"New Hampshire",COPD,5.14113018597997
Colorado,COPD,4.79820466786355
Idaho,COPD,6.16528233151184
Washington,COPD,5.08750905141202
Nebraska,COPD,5.61728525980912
Vermont,COPD,5.34414976599064
Wisconsin,COPD,5.52248893428669
"North Dakota",COPD,5.81144452198186
Iowa,COPD,5.95491128010139
Florida,COPD,6.24570897031465
Maryland,COPD,5.41845401174168
Oregon,COPD,5.82631079478055
Illinois,COPD,5.80338457389428
Virginia,COPD,5.72507323568575
"South Dakota",COPD,6.09925415949512
Montana,COPD,6.37849101796407
Texas,COPD,5.73673437336405
Wyoming,COPD,6.07789473684211
Michigan,COPD,7.01265586928479
Arizona,COPD,6.78597868760516
Maine,COPD,6.69488103821197
"District of Columbia",COPD,4.2
Delaware,COPD,5.79388349514563
Kansas,COPD,5.95228531855956
Nevada,COPD,7.26801007556675
Georgia,COPD,6.07125924425084
"North Carolina",COPD,6.61141162514828
Alaska,COPD,6.13952042628774
Ohio,COPD,7.0430157866086
Indiana,COPD,7.16859782927545
Missouri,COPD,6.96046321970315
"South Carolina",COPD,6.36150252289292
"New Mexico",COPD,5.96643382352941
Arkansas,COPD,7.44993403693931
Oklahoma,COPD,7.2151854617874
Tennessee,COPD,7.50707427280429
Alabama,COPD,6.9505223733491
Louisiana,COPD,7.51153676794364
Mississippi,COPD,7.50978972768011
"West Virginia",COPD,8.78102064220183
Hawaii,STROKE,3.02384412153236
Massachusetts,STROKE,2.67209085831316
"New Jersey",STROKE,2.63580047403577
"New York",STROKE,2.77768018018018
Connecticut,STROKE,2.69327428729588
California,STROKE,2.93585973883664
Minnesota,STROKE,2.68970720720721
"Rhode Island",STROKE,2.72863677950595
Utah,STROKE,2.77939620292561
"New Hampshire",STROKE,2.48690987124463
Colorado,STROKE,2.50718132854578
Idaho,STROKE,3.02699453551913
Washington,STROKE,2.78044895003621
Nebraska,STROKE,2.74273594909862
Vermont,STROKE,2.61107644305772
Wisconsin,STROKE,2.81595165134491
"North Dakota",STROKE,2.85889741800419
Iowa,STROKE,2.80259822560203
Florida,STROKE,2.98027986734611
Maryland,STROKE,3.03818003913894
Oregon,STROKE,2.81243179122183
Illinois,STROKE,2.78040722761597
Virginia,STROKE,2.99335552596538
"South Dakota",STROKE,3.0421686746988
Montana,STROKE,2.984
Texas,STROKE,3.07163647785572
Wyoming,STROKE,2.7959649122807
Michigan,STROKE,2.98581052028092
Arizona,STROKE,3.28132361189007
Maine,STROKE,2.77937995674117
"District of Columbia",STROKE,3.0
Delaware,STROKE,2.97339805825243
Kansas,STROKE,2.83604570637119
Nevada,STROKE,3.32348866498741
Georgia,STROKE,3.34018843075676
"North Carolina",STROKE,3.29607354685647
Alaska,STROKE,3.29809058614565
Ohio,STROKE,3.04627109417529
Indiana,STROKE,3.04218245819888
Missouri,STROKE,3.08292285108465
"South Carolina",STROKE,3.29605681181088
"New Mexico",STROKE,3.30915441176471
Arkansas,STROKE,3.43449868073879
Oklahoma,STROKE,3.3395070948469
Tennessee,STROKE,3.24161253883084
Alabama,STROKE,3.5093435836783
Louisiana,STROKE,3.76470717745487
Mississippi,STROKE,3.92299207169941
"West Virginia",STROKE,3.32293577981651
Hawaii,CHD,4.87899603698811
Massachusetts,CHD,5.03800037237014
"New Jersey",CHD,4.65023701788408
"New York",CHD,5.14689189189189
Connecticut,CHD,4.7354276224744
California,CHD,5.27257784677198
Minnesota,CHD,5.0481981981982
"Rhode Island",CHD,5.22543458371455
Utah,CHD,5.21668222844693
"New Hampshire",CHD,4.67668097281831
Colorado,CHD,4.72162776780371
Idaho,CHD,5.63016393442623
Washington,CHD,5.02358797972484
Nebraska,CHD,5.32186638388123
Vermont,CHD,4.81388455538221
Wisconsin,CHD,5.35022131426626
"North Dakota",CHD,5.63210048848569
Iowa,CHD,5.37072243346008
Florida,CHD,5.70512820512821
Maryland,CHD,5.00953033268102
Oregon,CHD,5.29634638196916
Illinois,CHD,5.1152238403452
Virginia,CHD,5.31472703062583
"South Dakota",CHD,5.75438898450947
Montana,CHD,5.45470658682635
Texas,CHD,5.54692702334834
Wyoming,CHD,5.31912280701754
Michigan,CHD,5.67758348860542
Arizona,CHD,5.76421761076837
Maine,CHD,5.57829848594088
"District of Columbia",CHD,4.1
Delaware,CHD,5.24495145631068
Kansas,CHD,5.46977146814404
Nevada,CHD,6.16845088161209
Georgia,CHD,5.53320838820788
"North Carolina",CHD,5.74909845788849
Alaska,CHD,5.98960923623446
Ohio,CHD,5.90092542188351
Indiana,CHD,5.77713405690818
Missouri,CHD,5.61717501223291
"South Carolina",CHD,5.47712577088395
"New Mexico",CHD,6.04257352941176
Arkansas,CHD,6.36866754617414
Oklahoma,CHD,6.35222803086881
Tennessee,CHD,5.89505789325049
Alabama,CHD,6.0437808003154
Louisiana,CHD,6.37802730074857
Mississippi,CHD,6.26528783178214
"West Virginia",CHD,6.6706995412844
Hawaii,DIABETES,10.35
Massachusetts,DIABETES,8.83600819214299
"New Jersey",DIABETES,9.41636500754148
"New York",DIABETES,9.13561936936937
Connecticut,DIABETES,8.64314973706061
California,DIABETES,10.5042735823213
Minnesota,DIABETES,9.09416666666667
"Rhode Island",DIABETES,9.69432753888381
Utah,DIABETES,9.05701836290072
"New Hampshire",DIABETES,7.60844062947067
Colorado,DIABETES,7.78104129263914
Idaho,DIABETES,9.7616393442623
Washington,DIABETES,9.16602099927589
Nebraska,DIABETES,9.19235418875928
Vermont,DIABETES,7.01216848673947
Wisconsin,DIABETES,9.66048689138577
"North Dakota",DIABETES,9.21123517096999
Iowa,DIABETES,9.69432826362484
Florida,DIABETES,10.5175604626709
Maryland,DIABETES,11.2132681017613
Oregon,DIABETES,9.60268090154211
Illinois,DIABETES,9.86693635382956
Virginia,DIABETES,11.2264846870839
"South Dakota",DIABETES,10.1356282271945
Montana,DIABETES,8.5974371257485
Texas,DIABETES,12.2085802533766
Wyoming,DIABETES,9.30368421052632
Michigan,DIABETES,9.81708470689408
Arizona,DIABETES,10.7688726864835
Maine,DIABETES,8.77829848594088
"District of Columbia",DIABETES,8.5
Delaware,DIABETES,10.7821359223301
Kansas,DIABETES,10.1301246537396
Nevada,DIABETES,10.5775188916877
Georgia,DIABETES,12.2822814304528
"North Carolina",DIABETES,10.8195729537367
Alaska,DIABETES,9.53796625222025
Ohio,DIABETES,11.2482852476864
Indiana,DIABETES,11.4796127896744
Missouri,DIABETES,10.399314956777
"South Carolina",DIABETES,11.7863390020557
"New Mexico",DIABETES,11.6715441176471
Arkansas,DIABETES,11.502308707124
Oklahoma,DIABETES,11.5568085636047
Tennessee,DIABETES,11.9410477266309
Alabama,DIABETES,12.7428543268283
Louisiana,DIABETES,13.397666226332
Mississippi,DIABETES,13.5489486384006
"West Virginia",DIABETES,12.85625
Hawaii,ARTHRITIS,19.4236459709379
Massachusetts,ARTHRITIS,22.6275926270713
"New Jersey",ARTHRITIS,19.0283451842275
"New York",ARTHRITIS,22.855777027027
Connecticut,ARTHRITIS,21.1539164129532
California,ARTHRITIS,19.755657017624
Minnesota,ARTHRITIS,19.9343468468468
"Rhode Island",ARTHRITIS,21.9491308325709
Utah,ARTHRITIS,23.1848117024588
"New Hampshire",ARTHRITIS,22.7583690987124
Colorado,ARTHRITIS,21.4962657091562
Idaho,ARTHRITIS,23.7451001821494
Washington,ARTHRITIS,23.3158218682114
Nebraska,ARTHRITIS,21.744506892895
Vermont,ARTHRITIS,22.8719188767551
Wisconsin,ARTHRITIS,22.6890194075587
"North Dakota",ARTHRITIS,23.5610607117934
Iowa,ARTHRITIS,23.4993029150824
Florida,ARTHRITIS,22.6272264013589
Maryland,ARTHRITIS,23.5061643835616
Oregon,ARTHRITIS,23.6973902728351
Illinois,ARTHRITIS,22.296642394822
Virginia,ARTHRITIS,23.9341278295606
"South Dakota",ARTHRITIS,22.7909351692484
Montana,ARTHRITIS,24.4962634730539
Texas,ARTHRITIS,21.4272746309287
Wyoming,ARTHRITIS,21.8354385964912
Michigan,ARTHRITIS,25.4587931775835
Arizona,ARTHRITIS,23.0005608524958
Maine,ARTHRITIS,25.7583273251622
"District of Columbia",ARTHRITIS,18.7
Delaware,ARTHRITIS,23.3007766990291
Kansas,ARTHRITIS,22.7502077562327
Nevada,ARTHRITIS,24.0207808564232
Georgia,ARTHRITIS,22.834525377368
"North Carolina",ARTHRITIS,24.5001660735469
Alaska,ARTHRITIS,22.1013321492007
Ohio,ARTHRITIS,26.2089275993468
Indiana,ARTHRITIS,25.2958345555882
Missouri,ARTHRITIS,25.2070461588648
"South Carolina",ARTHRITIS,24.3983741356756
"New Mexico",ARTHRITIS,22.2746323529412
Arkansas,ARTHRITIS,25.0669525065963
Oklahoma,ARTHRITIS,25.3494398805078
Tennessee,ARTHRITIS,27.2634142897487
Alabama,ARTHRITIS,26.5949142519219
Louisiana,ARTHRITIS,26.5173051519155
Mississippi,ARTHRITIS,26.4831437435367
"West Virginia",ARTHRITIS,31.7570527522936
Hawaii,OBESITY,26.50964332893
Massachusetts,OBESITY,29.106293055297
"New Jersey",OBESITY,28.7962077138548
"New York",OBESITY,32.4245157657658
Connecticut,OBESITY,30.7140049820094
California,OBESITY,29.033777737193
Minnesota,OBESITY,35.4323423423423
"Rhode Island",OBESITY,32.0781335773102
Utah,OBESITY,32.5675381263617
"New Hampshire",OBESITY,31.7238912732475
Colorado,OBESITY,25.8163375224417
Idaho,OBESITY,33.7122404371585
Washington,OBESITY,34.1363504706734
Nebraska,OBESITY,38.4769459172853
Vermont,OBESITY,28.8678627145086
Wisconsin,OBESITY,37.9006469186244
"North Dakota",OBESITY,37.9165387299372
Iowa,OBESITY,38.1757604562738
Florida,OBESITY,33.4829491223813
Maryland,OBESITY,36.8619765166341
Oregon,OBESITY,33.704009489917
Illinois,OBESITY,36.2845604099245
Virginia,OBESITY,36.1529960053262
"South Dakota",OBESITY,35.8986804360298
Montana,OBESITY,32.817005988024
Texas,OBESITY,36.4829965448644
Wyoming,OBESITY,33.9250877192982
Michigan,OBESITY,37.1408341694138
Arizona,OBESITY,34.3704430734717
Maine,OBESITY,32.7552271088681
"District of Columbia",OBESITY,25.1
Delaware,OBESITY,35.5309708737864
Kansas,OBESITY,36.992243767313
Nevada,OBESITY,33.7044710327456
Georgia,OBESITY,36.0222571168068
"North Carolina",OBESITY,36.8503558718861
Alaska,OBESITY,34.831838365897
Ohio,OBESITY,37.9377789874796
Indiana,OBESITY,38.5734379583456
Missouri,OBESITY,36.806768879465
"South Carolina",OBESITY,35.9555783965614
"New Mexico",OBESITY,35.0786029411765
Arkansas,OBESITY,39.5308047493404
Oklahoma,OBESITY,39.2390092108539
Tennessee,OBESITY,37.5513979101949
Alabama,OBESITY,39.6048097772521
Louisiana,OBESITY,40.0965433729635
Mississippi,OBESITY,40.6410203378145
"West Virginia",OBESITY,40.7703555045872
Hawaii,HIGHCHOL,29.9351387054161
Massachusetts,HIGHCHOL,31.1669335319307
"New Jersey",HIGHCHOL,34.5854557207498
"New York",HIGHCHOL,31.7008671171171
Connecticut,HIGHCHOL,33.4441738167728
California,HIGHCHOL,31.1737923477308
Minnesota,HIGHCHOL,28.9663513513514
"Rhode Island",HIGHCHOL,29.8494967978042
Utah,HIGHCHOL,29.3252100840336
"New Hampshire",HIGHCHOL,29.6536480686695
Colorado,HIGHCHOL,28.6838898862956
Idaho,HIGHCHOL,29.1071402550091
Washington,HIGHCHOL,30.8305394641564
Nebraska,HIGHCHOL,28.6527465535525
Vermont,HIGHCHOL,26.69375975039
Wisconsin,HIGHCHOL,29.4933094994893
"North Dakota",HIGHCHOL,30.4249825540823
Iowa,HIGHCHOL,30.6383079847909
Florida,HIGHCHOL,33.1795195340937
Maryland,HIGHCHOL,33.2732093933464
Oregon,HIGHCHOL,29.69162514828
Illinois,HIGHCHOL,31.5338727076591
Virginia,HIGHCHOL,33.805206391478
"South Dakota",HIGHCHOL,29.3458405048767
Montana,HIGHCHOL,27.5387305389222
Texas,HIGHCHOL,32.3803214323108
Wyoming,HIGHCHOL,28.9038596491228
Michigan,HIGHCHOL,30.3983517271033
Arizona,HIGHCHOL,31.8725743129557
Maine,HIGHCHOL,30.7410237923576
"District of Columbia",HIGHCHOL,33.3
Delaware,HIGHCHOL,34.9415533980582
Kansas,HIGHCHOL,32.4783587257618
Nevada,HIGHCHOL,33.1176322418136
Georgia,HIGHCHOL,33.5090061797184
"North Carolina",HIGHCHOL,31.5125622775801
Alaska,HIGHCHOL,30.0660301953819
Ohio,HIGHCHOL,31.5108002177463
Indiana,HIGHCHOL,33.4458052214726
Missouri,HIGHCHOL,32.477426194748
"South Carolina",HIGHCHOL,32.8930293403102
"New Mexico",HIGHCHOL,30.1828308823529
Arkansas,HIGHCHOL,33.1457783641161
Oklahoma,HIGHCHOL,33.5465521533483
Tennessee,HIGHCHOL,33.9447754871505
Alabama,HIGHCHOL,35.6332544845259
Louisiana,HIGHCHOL,33.8536107441656
Mississippi,HIGHCHOL,34.0619786280593
"West Virginia",HIGHCHOL,36.2260321100917
Hawaii,DEPRESSION,16.8068031704095
Massachusetts,DEPRESSION,24.5276857196053
"New Jersey",DEPRESSION,15.6503770739065
"New York",DEPRESSION,20.4990540540541
Connecticut,DEPRESSION,21.275698865209
California,DEPRESSION,21.73162268286
Minnesota,DEPRESSION,24.9223423423423
"Rhode Island",DEPRESSION,23.8881061299177
Utah,DEPRESSION,26.6479925303455
"New Hampshire",DEPRESSION,23.7324749642346
Colorado,DEPRESSION,22.9882226211849
Idaho,DEPRESSION,23.5189435336976
Washington,DEPRESSION,26.3241491672701
Nebraska,DEPRESSION,18.568854718982
Vermont,DEPRESSION,27.8375975039002
Wisconsin,DEPRESSION,24.0414538644876
"North Dakota",DEPRESSION,21.4661549197488
Iowa,DEPRESSION,21.4558618504436
Florida,DEPRESSION,19.4316266278411
Maryland,DEPRESSION,20.4103326810176
Oregon,DEPRESSION,27.9226334519573
Illinois,DEPRESSION,21.2493932038835
Virginia,DEPRESSION,22.8181091877497
"South Dakota",DEPRESSION,21.9737808376363
Montana,DEPRESSION,25.6791856287425
Texas,DEPRESSION,22.1263584964925
Wyoming,DEPRESSION,22.4466666666667
Michigan,DEPRESSION,27.8661459079834
Arizona,DEPRESSION,20.9159282108805
Maine,DEPRESSION,28.4084354722422
"District of Columbia",DEPRESSION,21.0
Delaware,DEPRESSION,22.0600970873786
Kansas,DEPRESSION,21.3204293628809
Nevada,DEPRESSION,22.1058564231738
Georgia,DEPRESSION,19.5012055516158
"North Carolina",DEPRESSION,25.3331198102017
Alaska,DEPRESSION,19.9759325044405
Ohio,DEPRESSION,26.5432553075667
Indiana,DEPRESSION,25.6431651510707
Missouri,DEPRESSION,25.1232099168162
"South Carolina",DEPRESSION,23.1243879648664
"New Mexico",DEPRESSION,23.9824632352941
Arkansas,DEPRESSION,25.313555408971
Oklahoma,DEPRESSION,26.0159322877769
Tennessee,DEPRESSION,29.0061988138944
Alabama,DEPRESSION,24.0801695249359
Louisiana,DEPRESSION,27.2368339938353
Mississippi,DEPRESSION,20.0832126852809
"West Virginia",DEPRESSION,31.9501720183486
