State,LifeExpectancy,DiseaseBurden,ScreeningRate,LifestyleRisk,SocialRisk,AccessBarrier,ARTHRITIS,BPHIGH,CANCER,CASTHMA,CHD,COPD,DEPRESSION,DIABETES,HIGHCHOL,OBESITY,STROKE,BINGE,CSMOKING,LPA,SLEEP,ACCESS2,BPMED,CHECKUP,CHOLSCREEN,COLON_SCREEN,DENTAL,MAMMOUSE,LONELINESS,FOODSTAMP,FOODINSECU,HOUSINSECU,SHUTUTILITY,LACKTRPT,EMOTIONSPT
Hawaii,80.0,14.4,68.2,24.9,17.5,6.1,19.4236459709379,27.2208058124174,5.2387714663144,9.99398943196829,4.87899603698811,4.5002642007926,16.8068031704095,10.35,29.9351387054161,26.50964332893,3.02384412153236,19.508784676354,11.5829590488771,21.6756274768824,46.7580581241744,6.09933949801849,55.0684940554822,73.7910171730515,79.4128137384412,56.4723910171731,66.6824966974901,77.5227212681638,32.8618890356671,13.3906208718626,18.5836856010568,12.4889696169089,6.70997357992074,8.23487450462351,30.4452443857332
Massachusetts,79.8,16.1,73.1,22.1,17.0,5.8,22.6275926270713,28.5975051200894,7.13874511264197,11.841388940607,5.03800037237014,5.4306832991994,24.5276857196053,8.83600819214299,31.1669335319307,29.106293055297,2.67209085831316,18.5924595047477,12.2883820517594,22.0535654440514,35.5060882517222,5.77594488921988,56.1601936324707,79.5115620927202,88.3444796127351,62.4856451312605,68.0369949730032,83.9309625768013,35.0545708434184,15.972928691119,13.9796499720722,12.7590579035561,8.28603611990318,8.33219139824986,24.706199962763
"New Jersey",79.6,14.9,70.2,22.6,15.8,11.8,19.0283451842275,29.2780650721827,6.12634130575307,8.92814048696402,4.65023701788408,4.43777203188968,15.6503770739065,9.41636500754148,34.5854557207498,28.7962077138548,2.63580047403577,16.9149213531566,11.028722258134,23.9547942253825,38.3595776772247,11.8085757379875,57.9923076923077,76.0505386770093,87.7108381814264,58.7599870717518,65.323313940961,75.2430726136608,33.4977375565611,8.71748545572075,14.9183473389356,13.1852079293256,7.49109028226675,7.81611721611722,24.645173453997
"New York",79.5,16.2,71.7,23.1,16.2,6.9,22.855777027027,29.5463738738739,7.15052927927928,10.8335472972973,5.14689189189189,5.65623873873874,20.4990540540541,9.13561936936937,31.7008671171171,32.4245157657658,2.77768018018018,18.2175112612613,12.6191779279279,23.6277364864865,38.1194594594595,6.86845720720721,57.6864977477477,78.7658783783784,87.5838175675676,62.8431981981982,64.4593355855856,78.7030743243243,33.1947297297297,12.7676576576577,14.3732882882883,13.2238851351351,7.97501126126126,8.02346846846847,24.1118693693694
Connecticut,79.4,15.8,73.1,22.1,17.0,10.5,21.1539164129532,28.3239413230003,7.01508441738168,11.0268751729864,4.7354276224744,4.823332410739,21.275698865209,8.64314973706061,33.4441738167728,30.7140049820094,2.69327428729588,16.7301965125934,10.8512870190977,24.1011347910324,36.7040686410185,10.5453086078051,57.257625242181,78.417132576806,88.1039302518682,66.3774425685026,69.6171048989759,79.0610296152782,34.0186825352892,12.394298367008,15.7126764461666,13.6394685856629,9.12097979518406,8.79064489344035,25.5901190146693
California,79.3,15.5,66.1,22.1,18.8,11.3,19.755657017624,28.9047027668706,6.05883480960643,9.73229842023559,5.27257784677198,5.10556113596932,21.73162268286,10.5042735823213,31.1737923477308,29.033777737193,2.93585973883664,17.3147931695736,11.8959455757465,24.4634645237878,34.8208656743676,11.3345447904301,51.6831613551274,70.1604145740115,83.9616656013149,54.53675463428,61.6055702675555,74.9464706419505,35.861026390284,16.4715094511917,18.4227924390467,15.594164916446,8.18675920007305,9.8359510546982,27.1846224089124
Minnesota,79.3,16.0,70.2,21.6,14.0,7.8,19.9343468468468,28.0744369369369,7.17436936936937,10.0400900900901,5.0481981981982,4.85731981981982,24.9223423423423,9.09416666666667,28.9663513513514,35.4323423423423,2.68970720720721,19.3842792792793,13.947027027027,22.4009009009009,30.5128828828829,7.83538288288288,57.1637612612613,72.5913513513514,83.3548648648649,63.1229279279279,66.8789414414414,78.1677702702703,31.6509684684685,8.46421171171171,12.0966441441441,10.0588963963964,6.29826576576577,7.49869369369369,22.0918918918919
"Rhode Island",79.2,16.4,74.8,22.8,17.1,8.6,21.9491308325709,30.3232387923147,6.88783165599268,11.9344007319305,5.22543458371455,5.70841720036597,23.8881061299177,9.69432753888381,29.8494967978042,32.0781335773102,2.72863677950595,18.3176578225069,12.0071363220494,24.711527904849,36.1442817932296,8.56971637694419,58.0306495882891,82.6578225068618,87.9849954254346,67.8369624885636,70.3387923147301,82.2447392497713,35.9409881061299,13.8607502287283,15.9273559011894,14.2393412625801,8.70722781335773,8.32095150960659,22.696340347667
Utah,79.0,16.5,66.8,18.2,13.6,10.1,23.1848117024588,28.8513227513228,7.63635231870526,10.6979458450047,5.21668222844693,5.14466230936819,26.6479925303455,9.05701836290072,29.3252100840336,32.5675381263617,2.77939620292561,11.213663243075,9.29551820728291,18.4169934640523,33.997790227202,10.1362278244631,49.7768751945223,71.1661998132586,80.452847805789,59.3820417055711,69.7244008714597,70.4232804232804,32.4604419545596,6.59228135698724,12.1793339558045,10.0309368191721,6.86523498288204,6.91646436352319,20.0591036414566
"New Hampshire",78.7,15.8,71.0,20.6,13.2,7.2,22.7583690987124,28.1779685264664,7.6722460658083,10.552861230329,4.67668097281831,5.14113018597997,23.7324749642346,7.60844062947067,29.6536480686695,31.7238912732475,2.48690987124463,17.7206723891273,11.0228898426323,19.579756795422,34.0318311874106,7.19535050071531,55.2414163090129,74.9904148783977,86.2295422031473,63.0238912732475,67.8897711015737,78.3447782546495,32.0093705293276,6.90565092989986,10.0898426323319,9.01738197424893,6.01108726752504,6.05836909871245,22.4806151645207
Colorado,78.5,14.8,66.7,19.6,,10.2,21.4962657091562,25.5115978456014,7.35959305804907,10.8353201675643,4.72162776780371,4.79820466786355,22.9882226211849,7.78104129263914,28.6838898862956,25.8163375224417,2.50718132854578,19.7639018551765,10.8070975463794,16.6453740275284,31.2130819868342,10.1736684619988,50.3927707959306,70.401196888091,84.7340275284261,58.2900777977259,64.6063076002394,71.5085577498504,,,,,,,
Idaho,78.4,16.5,64.7,21.7,15.4,13.7,23.7451001821494,29.49970856102,6.90247723132969,10.6931511839709,5.63016393442623,6.16528233151184,23.5189435336976,9.7616393442623,29.1071402550091,33.7122404371585,3.02699453551913,16.0575956284153,12.9900910746812,23.8451001821494,33.9286703096539,13.6667759562842,51.1953005464481,72.1735883424408,78.9983242258652,54.7087795992714,63.3897996357013,67.8867030965392,30.2452823315118,10.9924225865209,15.8308196721311,12.9084153005464,8.18225865209472,8.77111111111111,20.9353369763206
Washington,78.4,16.7,66.8,20.5,,9.4,23.3158218682114,29.0671976828385,7.13325488776249,11.1741853729182,5.02358797972484,5.08750905141202,26.3241491672701,9.16602099927589,30.8305394641564,34.1363504706734,2.78044895003621,17.6837979724837,11.5371832005793,19.0764120202752,33.7298696596669,9.39574583635047,51.7210535843592,68.8649710354815,81.6337798696597,61.0128167994207,64.4288921071687,72.9818971759594,,,,,,,
Nebraska,78.3,16.1,67.9,23.2,13.4,8.9,21.744506892895,29.8863308589608,7.32682926829268,9.25747613997879,5.32186638388123,5.61728525980912,18.568854718982,9.19235418875928,28.6527465535525,38.4769459172853,2.74273594909862,22.1497667020148,14.12901378579,24.7267656415695,31.7845599151644,8.93261930010605,58.8404665959703,73.3171580063627,81.8756627783669,55.7294909862142,63.7168716861082,73.7093955461294,30.0292152704136,8.4981230116649,11.8255567338282,9.49864262990456,6.62302226935313,6.64755037115589,20.4959066808059
Vermont,78.3,15.6,69.5,19.6,,6.4,22.8719188767551,26.5580343213729,7.67223088923557,11.2195007800312,4.81388455538221,5.34414976599064,27.8375975039002,7.01216848673947,26.69375975039,28.8678627145086,2.61107644305772,18.8477379095164,11.6784711388456,17.7616224648986,29.9959438377535,6.35663026521061,54.3388455538221,72.988143525741,83.5321372854914,62.3404056162246,68.0335413416537,75.4719188767551,,,,,,,
Wisconsin,78.1,16.8,71.2,23.5,14.6,8.4,22.6890194075587,29.4784133469527,6.98227783452503,10.8926455566905,5.35022131426626,5.52248893428669,24.0414538644876,9.66048689138577,29.4933094994893,37.9006469186244,2.81595165134491,20.8670071501532,13.967568947906,25.6534559073885,33.6536942458291,8.39782090568607,58.0592271024855,75.4369935308138,84.1221995233231,63.4784133469527,66.3880660537964,79.9044092611508,31.6419305413687,13.2397854954035,12.8015321756895,10.6663602315288,6.09043241402792,7.1916581545795,20.8300646918624
"North Dakota",77.9,16.8,68.3,23.4,13.4,7.6,23.5610607117934,30.8738311235171,7.26789951151431,10.1288206559665,5.63210048848569,5.81144452198186,21.4661549197488,9.21123517096999,30.4249825540823,37.9165387299372,2.85889741800419,22.6883461270063,14.9193998604327,22.2909281228193,33.6572226099093,7.63670621074669,58.6636427076064,72.3725052337753,81.3002093510119,58.2050942079553,63.1485694347523,76.0246336357292,29.904605722261,7.62072575017446,11.7583391486392,9.87355198883461,6.56650383810188,6.982135380321,21.4394975575715
Iowa,77.9,16.8,70.4,23.7,15.0,7.6,23.4993029150824,30.4675538656527,7.23307984790875,10.0182192648923,5.37072243346008,5.95491128010139,21.4558618504436,9.69432826362484,30.6383079847909,38.1757604562738,2.80259822560203,22.2511723700887,15.0141951837769,23.8973700887199,33.5989543726236,7.63929024081115,58.9080481622307,75.5676489226869,82.5955956907478,60.9569708491762,66.0147972116603,78.0796894803549,33.0729404309252,10.5836501901141,12.6873574144487,10.3731305449937,7.07756653992395,7.1867237008872,23.9946134347275
Florida,77.9,16.6,68.2,23.2,,14.8,22.6272264013589,31.466424007118,7.35738898325649,9.74140580765186,5.70512820512821,6.24570897031465,19.4316266278411,10.5175604626709,33.1795195340937,33.4829491223813,2.98027986734611,17.4399013184502,13.5176737037936,23.7782981476988,38.0368195421823,14.8414624282132,57.9813961012699,75.4348459111866,84.295251961498,60.1598560220011,57.0531828844132,74.2862169376365,,,,,,,
Maryland,77.8,17.3,71.9,22.5,17.6,9.1,23.5061643835616,34.3279256360078,6.4693542074364,10.856457925636,5.00953033268102,5.41845401174168,20.4103326810176,11.2132681017613,33.2732093933464,36.8619765166341,3.03818003913894,15.3977886497065,11.7269471624266,23.6310371819961,39.2586692759295,9.06925636007828,58.9116634050881,77.9166340508806,88.14771037182,63.0689628180039,62.9037377690802,80.3092367906067,35.5173581213307,13.0186301369863,16.5138747553816,14.9504109589041,9.40356164383562,8.54951076320939,25.1206849315068
Oregon,77.7,17.0,67.0,20.0,,8.8,23.6973902728351,29.1183867141163,7.33570581257414,11.9462870699881,5.29634638196916,5.82631079478055,27.9226334519573,9.60268090154211,29.69162514828,33.704009489917,2.81243179122183,16.8398339264531,12.2836773428232,19.299359430605,31.5662633451957,8.75285883748517,50.7024673784104,70.3814234875445,82.028896797153,58.0196915776987,63.9774139976275,76.9053855278766,,,,,,,
Illinois,77.5,16.6,68.6,22.6,16.3,9.0,22.296642394822,30.620523193096,6.90618932038835,9.99350053937433,5.1152238403452,5.80338457389428,21.2493932038835,9.86693635382956,31.5338727076591,36.2845604099245,2.78040722761597,19.1624325782093,13.0077130528587,21.9641990291262,36.3436084142395,9.00041801510248,57.0569579288026,75.8999595469256,85.5368122977346,57.2616100323625,63.251024811219,72.4790857605178,33.9147518878101,12.9724379719525,14.3861380798274,12.4036677454153,7.64898867313916,7.68484358144552,25.1382551240561
Virginia,77.5,17.5,71.8,22.4,15.9,9.2,23.9341278295606,33.3438748335553,6.64310252996005,10.672396804261,5.31472703062583,5.72507323568575,22.8181091877497,11.2264846870839,33.805206391478,36.1529960053262,2.99335552596538,15.6190679094541,13.1028362183755,23.6426098535286,37.0531824234354,9.22026631158455,59.506844207723,77.9125699067909,86.0240612516644,62.7305725699068,66.5395073235686,77.8298002663116,34.7464580559254,11.8711984021305,14.1533155792277,12.1922370173103,8.03556591211718,8.0685086551265,22.089533954727
"South Dakota",77.3,16.7,69.8,22.6,,9.0,22.7909351692484,30.2898450946644,7.65800344234079,10.4048192771084,5.75438898450947,6.09925415949512,21.9737808376363,10.1356282271945,29.3458405048767,35.8986804360298,3.0421686746988,20.3942053930006,16.4265633964429,23.8205966724039,29.7790017211704,8.97360872059667,56.5116465863454,74.1808376362593,82.8913941480207,58.4776247848537,69.8889845094664,76.6854847963282,,,,,,,
Montana,77.3,16.5,64.7,22.9,14.8,10.2,24.4962634730539,29.0826586826347,7.43925748502994,11.3548023952096,5.45470658682635,6.37849101796407,25.6791856287425,8.5974371257485,27.5387305389222,32.817005988024,2.984,22.1226347305389,15.1473532934132,21.397005988024,32.9004790419162,10.1729101796407,52.2127664670659,68.6094610778443,79.4902994011976,55.5028982035928,60.3560239520958,71.9798083832335,31.6719281437126,9.66249101796407,13.234874251497,10.6897245508982,7.70641916167665,8.34610778443114,22.2356886227545
Texas,77.1,17.0,65.8,24.6,,19.7,21.4272746309287,32.4352162077269,6.04605800439745,9.63191812375667,5.54692702334834,5.73673437336405,22.1263584964925,12.2085802533766,32.3803214323108,36.4829965448644,3.07163647785572,17.9871636477856,13.4258559313161,28.3335881059575,38.764857083028,19.7452099256622,58.0090409381217,72.8443252015496,83.9380379017904,54.424002722228,53.1610511988274,72.504507381426,,,,,,,
Wyoming,76.8,16.0,63.5,22.4,,12.0,21.8354385964912,28.1266666666667,7.3559649122807,10.2514035087719,5.31912280701754,6.07789473684211,22.4466666666667,9.30368421052632,28.9038596491228,33.9250877192982,2.7959649122807,16.9147368421053,14.360350877193,24.7421052631579,33.5735087719298,12.0005263157895,52.0161403508772,67.1368421052632,80.1547368421053,53.2385964912281,61.6447368421053,66.6601754385965,,,,,,,
Michigan,76.8,18.0,71.5,23.0,16.5,7.2,25.4587931775835,32.0901676938512,7.52776264870288,11.5166260570446,5.67758348860542,7.01265586928479,27.8661459079834,9.81708470689408,30.3983517271033,37.1408341694138,2.98581052028092,18.1782141321485,15.2594094883188,23.729023935789,34.8940232191486,7.18659882470976,58.0542496775118,77.9830586211839,85.4214848788878,63.9428264296976,67.402680235058,76.4380966031245,33.5485595528164,14.0971191056328,15.1661889064068,12.1833739429554,8.87228034972051,8.33310878601118,23.3327074673929
Arizona,76.7,16.9,62.7,23.4,18.9,15.1,23.0005608524958,30.7961862030286,7.02170499158721,11.1497476163769,5.76421761076837,6.78597868760516,20.9159282108805,10.7688726864835,31.8725743129557,34.3704430734717,3.28132361189007,16.9292204150308,14.446270330903,24.1965787997757,37.9871003925967,15.1139652271453,53.9312394840157,70.4630959057768,81.3306225462703,50.237072349972,54.6330342120022,65.7029164329781,32.9458777341559,14.5430734716769,20.0467190128996,15.70532809871,10.2652832305104,10.6903533370724,28.1026360067302
Maine,76.6,17.4,70.5,22.1,16.0,8.3,25.7583273251622,29.7138428262437,7.44844989185292,12.8158615717376,5.57829848594088,6.69488103821197,28.4084354722422,8.77829848594088,30.7410237923576,32.7552271088681,2.77937995674117,17.982408074982,14.8478731074261,21.5217736121125,33.9958183129055,8.30944484498919,53.9966834895458,78.2560922855083,84.2715933669791,63.5315789473684,63.1473684210526,79.8803172314347,33.7311463590483,15.2527036770007,11.4995674116799,11.1963950973324,8.38521989906272,8.50677721701514,23.6987022350397
"District of Columbia",76.6,14.9,72.8,20.0,16.2,6.2,18.7,30.3,6.0,10.2,4.1,4.2,21.0,8.5,33.3,25.1,3.0,22.5,9.5,15.3,32.8,6.2,57.2,77.0,90.2,66.0,69.3,77.0,36.2,12.8,13.8,12.0,7.8,7.8,22.7
Delaware,76.5,17.4,70.4,23.0,16.1,9.5,23.3007766990291,32.9943689320388,7.0021359223301,10.8802912621359,5.24495145631068,5.79388349514563,22.0600970873786,10.7821359223301,34.9415533980582,35.5309708737864,2.97339805825243,16.0495145631068,12.918640776699,25.9847572815534,37.0009708737864,9.47368932038835,58.6021359223301,78.4425242718446,85.7795145631068,59.8930097087379,61.7925242718447,77.7514563106796,33.146213592233,12.4616504854369,14.9414563106796,13.0483495145631,8.31805825242719,8.31912621359223,22.5688349514563
Kansas,76.5,17.0,69.0,23.0,14.8,10.3,22.7502077562327,31.6556440443213,6.92832409972299,9.97860110803324,5.46977146814404,5.95228531855956,21.3204293628809,10.1301246537396,32.4783587257618,36.992243767313,2.83604570637119,17.3870844875346,14.5344182825485,25.0004847645429,35.2687673130194,10.3299861495845,59.764404432133,75.0682132963989,83.0935595567867,58.0906855955679,64.2921052631579,73.8030470914128,31.4746537396122,7.8689404432133,13.6010734072022,12.1961218836565,9.02479224376731,7.46745152354571,21.6313019390582
Nevada,76.4,17.2,64.5,24.5,19.7,14.5,24.0207808564232,30.5482367758186,6.98646095717884,10.8574307304786,6.16845088161209,7.26801007556675,22.1058564231738,10.5775188916877,33.1176322418136,33.7044710327456,3.32348866498741,18.142758186398,16.3833123425693,25.5333753148615,38.0299748110831,14.4603274559194,52.7715994962217,70.8948992443325,81.7125314861461,54.954282115869,56.7871536523929,69.7433879093199,37.2282115869018,16.8113979848866,19.4977329974811,16.1289672544081,10.6181360201511,10.9587531486146,26.5851385390428
Georgia,75.9,17.4,69.7,23.7,19.0,13.8,22.834525377368,35.5367743896262,6.38029581602675,10.1631546955729,5.53320838820788,6.07125924425084,19.5012055516158,12.2822814304528,33.5090061797184,36.0222571168068,3.34018843075676,15.0811569243238,14.1785026846318,26.7646337757066,38.7439266538345,13.8105865667106,61.789838922095,77.3289129774086,85.7642285482727,59.9432478978827,58.1635903150643,75.1175260865161,38.0110019248303,14.9117718569547,18.5043561949144,15.9346266842265,10.2666903049336,9.96255698510789,25.1466619390133
"North Carolina",75.9,17.9,70.6,22.5,17.2,11.3,24.5001660735469,34.3516132858837,6.77340450771056,11.0249940688019,5.74909845788849,6.61141162514828,25.3331198102017,10.8195729537367,31.5125622775801,36.8503558718861,3.29607354685647,15.9748635824437,14.8177461447212,24.1487307236062,35.1426097271649,11.2592289442467,59.2312336892052,78.335349940688,85.7800474495848,60.6515658362989,61.670699881376,77.8189205219454,33.5759786476868,13.9833807829181,16.7982799525504,13.7849228944247,9.31418742586003,9.25809015421115,23.3462870699881
Alaska,75.8,16.5,61.4,24.1,17.4,10.8,22.1013321492007,32.1308170515098,6.53658969804618,10.9810390763766,5.98960923623446,6.13952042628774,19.9759325044405,9.53796625222025,30.0660301953819,34.831838365897,3.29809058614565,19.1344138543517,17.6412522202487,22.4039520426288,37.3621669626998,10.7653641207815,50.2442273534636,65.9739786856128,78.1883658969805,52.8099023090586,56.6105239786856,64.5523978685613,34.4555062166963,10.7565275310835,16.0945381882771,13.7616341030195,9.21314387211368,10.3197158081705,27.3206039076377
Ohio,75.6,18.3,69.8,25.0,15.9,8.2,26.2089275993468,33.3184757757213,7.3649646162221,11.0900816548721,5.90092542188351,7.0430157866086,26.5432553075667,11.2482852476864,31.5108002177463,37.9377789874796,3.04627109417529,18.06409363092,16.168622754491,26.4131409907458,39.2216330974415,8.2431573217202,61.0913554708764,77.7813826891671,84.077441480675,59.5589548176374,61.4715841045182,74.8711594991834,35.2674904735983,11.8938704409363,14.2010560696788,11.9784431137725,8.71758301578661,7.94312465977137,21.6291453456723
Indiana,75.4,18.5,70.1,24.0,15.8,9.2,25.2958345555882,34.8674097975946,7.0988853036081,11.2746113229686,5.77713405690818,7.16859782927545,25.6431651510707,11.4796127896744,33.4458052214726,38.5734379583456,3.04218245819888,17.7508360222939,16.0691551774714,24.2121149897331,37.9640803754767,9.16472572601936,60.1727632736873,78.2286594309182,84.6009533587562,61.1539601056028,60.5312261660311,75.8166764447052,33.4089762393664,9.06311234966266,15.318421824582,12.1346729246113,9.04961865649751,8.07084188911704,23.6650777354063
Missouri,75.2,17.9,68.4,24.9,15.8,9.0,25.2070461588648,32.9389985320502,7.15186755831023,10.6748001957266,5.61717501223291,6.96046321970315,25.1232099168162,10.399314956777,32.477426194748,36.806768879465,3.08292285108465,17.7719295384114,16.3928396672647,27.749208938183,37.5317892676562,8.99297015168814,58.8447398466808,76.543793834611,82.7780623063122,58.4718316750938,59.8002935899527,74.163203392595,32.4965258522264,11.3108628282499,14.3348230305007,13.1558799543305,9.70572500407764,8.7777197847007,20.6161311368455
"South Carolina",75.1,17.7,71.6,23.2,17.1,12.3,24.3983741356756,34.4771631470753,6.95286862268735,9.7162025789572,5.47712577088395,6.36150252289292,23.1243879648664,11.7863390020557,32.8930293403102,35.9555783965614,3.29605681181088,17.3061857596711,13.6602130442908,24.8221827695758,36.8271351149318,12.2806204447767,62.8815174733695,78.705662492992,85.1637264062792,63.6150065408335,62.3754999065595,77.08549803775,32.6923565688656,11.1188936647356,18.3009530928798,14.6079985049523,9.76368903008783,9.12236965053261,24.3795552233227
"New Mexico",74.5,16.9,63.4,22.2,20.7,16.5,22.2746323529412,31.1125735294118,5.96349264705882,9.99636029411765,6.04257352941176,5.96643382352941,23.9824632352941,11.6715441176471,30.1828308823529,35.0786029411765,3.30915441176471,15.0535294117647,14.28125,25.5694117647059,34.0950735294118,16.5197426470588,53.2164705882353,66.2547794117647,81.2819117647059,51.7065808823529,59.8339705882353,68.2397058823529,34.9239705882353,18.8320220588235,22.6987132352941,18.4183455882353,12.6966544117647,11.8727573529412,25.1390808823529
Arkansas,73.9,18.8,67.0,25.6,18.7,11.7,25.0669525065963,37.9326517150396,6.8898746701847,10.3779683377309,6.36866754617414,7.44993403693931,25.313555408971,11.502308707124,33.1457783641161,39.5308047493404,3.43449868073879,15.8268799472296,16.2363786279683,31.0796833773087,39.0661279683377,11.7133905013193,59.9585092348285,77.3014511873351,83.3174802110818,56.3572229551451,54.1606860158311,70.729419525066,35.0309366754617,12.1917216358839,19.2747031662269,15.5406002638522,11.3565633245383,10.2165897097625,27.5880606860158
Oklahoma,73.8,18.8,66.8,24.9,18.6,11.6,25.3494398805078,36.0366691560866,6.83569828230022,11.5674632810555,6.35222803086881,7.2151854617874,26.0159322877769,11.5568085636047,33.5465521533483,39.2390092108539,3.3395070948469,14.8741100323625,16.7564600448096,30.5703759024147,37.594498381877,11.6159571819766,59.7375902414737,76.762285287528,83.3300970873786,54.8928055763007,56.6412496888225,69.6454817027633,33.5633308439134,15.7258152850386,19.064002987304,15.0741598207618,11.0811799850635,9.98526263380632,25.6571072940005
Tennessee,73.8,19.2,68.6,24.5,,11.9,27.2634142897487,36.2811352725219,7.03223665631178,10.9951567353855,5.89505789325049,7.50707427280429,29.0061988138944,11.9410477266309,33.9447754871505,37.5513979101949,3.24161253883084,15.7184693589382,17.5144309517086,25.7059870093194,39.0637955379836,11.9253177068625,58.9618892968088,76.5953685399605,85.3315730019768,58.3657017791584,57.7088534312341,74.7736091499576,,,,,,,
Alabama,73.8,19.2,70.0,24.7,18.9,10.3,26.5949142519219,39.6021683422038,6.83601419278533,10.0927459097181,6.0437808003154,6.9505223733491,24.0801695249359,12.7428543268283,35.6332544845259,39.6048097772521,3.5093435836783,15.423319534792,15.5618568894145,27.752808988764,40.1317169327814,10.3168145081806,61.5774689532821,78.7473487088508,84.2791247782377,61.7688350088705,56.2439779223339,77.2868519613641,36.2752217622708,14.7523358959196,20.0160063079046,15.134989158289,10.4754385964912,10.2968657599054,25.4441159077469
Louisiana,73.8,19.5,70.9,26.5,21.8,9.2,26.5173051519155,39.4685380889476,6.42129018053721,10.351321003963,6.37802730074857,7.51153676794364,27.2368339938353,13.397666226332,33.8536107441656,40.0965433729635,3.76470717745487,18.1829150154117,17.5757815940114,29.5261999119331,40.9077939233818,9.18575517393219,63.4045354469397,80.4172831351827,85.1153236459709,60.935072655218,56.6762659621312,78.6721708498459,37.3713562307354,19.6237780713342,23.2259797446059,17.9611404667547,13.2634302069573,11.8157419638926,29.2050858652576
Mississippi,72.6,19.1,61.5,26.1,21.0,11.9,26.4831437435367,41.6221647707687,6.43471216821785,10.038710789383,6.26528783178214,7.50978972768011,20.0832126852809,13.5489486384006,34.0619786280593,40.6410203378145,3.92299207169941,14.6619786280593,17.368286797656,33.0638745260255,39.3645294725957,11.9014133057566,64.9052395725612,80.095725611858,84.9574629438125,56.4648741813168,9.0527749052051,73.4792140641158,37.2023095484316,14.2928300586005,23.2352981730438,18.1243709065839,12.1999655291279,12.4376766632196,29.5791451223716
"West Virginia",72.2,21.0,69.1,27.3,18.7,8.9,31.7570527522936,38.434747706422,7.42310779816514,12.3362385321101,6.6706995412844,8.78102064220183,31.9501720183486,12.85625,36.2260321100917,40.7703555045872,3.32293577981651,16.1054472477064,20.0294724770642,31.0900229357798,41.9369839449541,8.94088302752294,60.897878440367,78.4258600917431,84.3814793577982,60.6326834862385,54.6674885321101,75.3700688073395,35.1892775229358,18.9260894495413,17.2070527522936,13.9073967889908,12.3143922018349,9.57448394495413,23.8549311926606
